type,Country_entity,point_tooltip,iso_code,gwno,central_longitude,central_latitude
national,Afghanistan,"1 agreement was signed in Afghanistan in 2024, part of the Afghanistan-Pakistan: border incursions process. The most recent agreement was Joint Statement on the Talks Between Afghanistan and Pakistan Through the Mediation of Türkiye and Qatar (30/10/2025). Click on country for more information.",AFG,700.0,66.02471,33.83114
national,Armenia,"1 agreement was signed in Armenia in 2024, part of the Armenia-Azerbaijan-Nagorno Karabakh: US-led process. The most recent agreement was Joint Declaration by the President of the Republic of Azerbaijan, the Prime Minister of the Republic of Armenia and the President of the United States of America on the outcomes of their meeting in Washington D.C., United States of America (08/08/2025). Click on country for more information.",ARM,371.0,44.94022,40.29308
national,Azerbaijan,"1 agreement was signed in Azerbaijan in 2024, part of the Armenia-Azerbaijan-Nagorno Karabakh: US-led process. The most recent agreement was Joint Declaration by the President of the Republic of Azerbaijan, the Prime Minister of the Republic of Armenia and the President of the United States of America on the outcomes of their meeting in Washington D.C., United States of America (08/08/2025). Click on country for more information.",AZE,373.0,47.52871,40.29016
national,Cambodia,"5 agreements were signed in Cambodia in 2024, part of the Cambodia - Thailand border dispute process. The most recent agreement was Joint Statement of the 3rd Special General Border Committee (27/12/2025). Click on country for more information.",KHM,811.0,104.9112,12.70904
national,China,"1 agreement was signed in China in 2024, part of the China-India border dispute peace process. The most recent agreement was Ten Points of Consensus for 24th Round of SR Talks on Boundary Question (19/08/2025). Click on country for more information.",CHN,710.0,103.93,36.56735
national,Colombia,"23 agreements were signed in Colombia in 2024, in 5 processes (Colombia VII - Petro Peace Dialogues with the Coordinadora Nacional Ejército Bolivariano (CNEB), Colombia VII - Petro Peace Dialogues with ELN, Colombia VII - Petro Peace Dialogues with FARC-EP, Colombia VII - Petro Peace Dialogues with Segunda Marquetalia, Colombia VII - Petro Peace Dialogues with the Autodefensas Gaitanistas de Colombia). The most recent agreement was Protocolo para el Seguimiento, Monitoreo y Verificación de los Compromisos de Paz en Doha (05/12/2025). Click on country for more information.",COL,100.0,-73.0758,3.901116
national,Democratic Republic of Congo,"11 agreements were signed in Democratic Republic of Congo in 2024, part of the DRC: the Doha Track for Eastern DRC. The most recent agreement was Joint Declaration by the Democratic Republic of the Congo and the Republic of Rwanda on the Occasion of Establishing the Washington Accords for Peace and Prosperity (04/12/2025). Click on country for more information.",COD,490.0,23.6157,-2.86219
national,India,"3 agreements were signed in India in 2024, in 2 processes (India-Nagaland peace process, China-India border dispute peace process). The most recent agreement was Ceasefire Extension Agreement Between the Government of India and the National Socialist Council of Nagaland(K)Niki, Nagaland (09/09/2025). Click on country for more information.",IND,750.0,79.44333,23.37938
national,Israel,"4 agreements were signed in Israel in 2024, part of the Israel-Palestine peace process. The most recent agreement was UNSC Resolution 2803 (17/11/2025). Click on country for more information.",ISR,666.0,34.97922,31.97771
national,Pakistan,"1 agreement was signed in Pakistan in 2024, part of the Afghanistan-Pakistan: border incursions process. The most recent agreement was Joint Statement on the Talks Between Afghanistan and Pakistan Through the Mediation of Türkiye and Qatar (30/10/2025). Click on country for more information.",PAK,770.0,70.2101,30.31428
national,Papua New Guinea,"1 agreement was signed in Papua New Guinea in 2024, part of the Bougainville: peace process. The most recent agreement was Melanesian Agreement (26/06/2025). Click on country for more information.",PNG,910.0,145.2538,-6.47559
national,Rwanda,"8 agreements were signed in Rwanda in 2024, part of the DRC: the Doha Track for Eastern DRC. The most recent agreement was Joint Declaration by the Democratic Republic of the Congo and the Republic of Rwanda on the Occasion of Establishing the Washington Accords for Peace and Prosperity (04/12/2025). Click on country for more information.",RWA,517.0,29.95631,-1.99839
national,Syria,"2 agreements were signed in Syria in 2024, part of the Syrian peace process. The most recent agreement was Road map to end the crisis in Suwayda and stabilize southern Syria (16/09/2025). Click on country for more information.",SYR,652.0,38.50527,35.01281
national,Thailand,"5 agreements were signed in Thailand in 2024, part of the Cambodia - Thailand border dispute process. The most recent agreement was Joint Statement of the 3rd Special General Border Committee (27/12/2025). Click on country for more information.",THA,800.0,101.0122,15.1168
national,Turkey,"1 agreement was signed in Turkey in 2024, part of the Turkey: PKK process. The most recent agreement was Final declaration of the PKK's 12th Congress (12/05/2025). Click on country for more information.",TUR,640.0,35.14229,39.06625
national,Ukraine,"1 agreement was signed in Ukraine in 2024, part of the Ukraine - Russia: interstate agreements. The most recent agreement was Agreement between the Government of Ukraine and the Government of the United States of America on the Establishment of a United States-Ukraine Reconstruction Investment Fund (30/04/2025). Click on country for more information.",UKR,369.0,31.37493,49.0269
national,United Kingdom,"1 agreement was signed in United Kingdom in 2024, part of the Northern Ireland peace process. The most recent agreement was A Joint Framework between the Government of the United Kingdom of Great Britain and Northern Ireland and the Government of Ireland (19/09/2025). Click on country for more information.",GBR,200.0,-1.96956,53.40839
local,Colombia,"There was a local agreement: 'Acuerdo Número 6: Por La Verdad, La Memoria Y La Dignificación De Las Víctimas', signed on 05 April 2025, in Nariño, Colombia as part of Colombia VII - Petro Peace Dialogues with Comuneros del Sur (Nariño Regional Process). Click on country for more information",COL,100.0,-77.2811,1.2136
local,Colombia,"There was a local agreement: 'Acuerdo Número 7: Sustitución de Cultivos de Uso Ilícito', signed on 05 April 2025, in Narino Department, Colombia, Colombia as part of Colombia VII - Petro Peace Dialogues with Comuneros del Sur (Nariño Regional Process). Click on country for more information",COL,100.0,-77.6,1.3364
local,South Sudan,"There was a local agreement: 'Resolutions and Recommendations on The Twic-Ngok Dinka Youth Peace Dialogue', signed on 12 April 2025, in Abyei-Twic border region, South Sudan as part of South Sudan: Post-secession Local agreements. Click on country for more information",SSD,626.0,28.5,9.5
local,Colombia,"There was a local agreement: 'Acuerdo Número 8: Creación de la Zona Temporal para la ""Co-Construcción de Paz Territorial"" en el Municipio de Mallama', signed on 08 June 2025, in Municipality of Mallama, Nariño Department, Colombia (specifically within the Gran Mallama Reservation territory), Colombia as part of Colombia VII - Petro Peace Dialogues with Comuneros del Sur (Nariño Regional Process). Click on country for more information",COL,100.0,-77.86524,1.14234
local,Colombia,"There was a local agreement: 'Acuerdo Número 9: Reintegración Integral de Comuneros del Sur para la Paz y la Transformación Territorial', signed on 08 June 2025, in Nariño, Colombia as part of Colombia VII - Petro Peace Dialogues with Comuneros del Sur (Nariño Regional Process). Click on country for more information",COL,100.0,-78.0,1.5
local,Colombia,"There was a local agreement: 'Acuerdo Número 10: Para el Fortalecimiento de la Democracia en el Territorio', signed on 08 June 2025, in Nariño, Colombia as part of Colombia VII - Petro Peace Dialogues with Comuneros del Sur (Nariño Regional Process). Click on country for more information",COL,100.0,-77.8,1.35
local,Colombia,"There was a local agreement: 'Acuerdo 11: Para la Protección de los Derechos de Niños, Niñas y Adolescentes en el Marco de la Mesa para la Co-Construcción de Paz Territorial en Nariño', signed on 09 June 2025, in Nariño, Colombia as part of Colombia VII - Petro Peace Dialogues with Comuneros del Sur (Nariño Regional Process). Click on country for more information",COL,100.0,-77.5961,1.3372
local,Colombia,"There was a local agreement: 'Acuerdo No. 11 - Renacemos Por La Paz Y Las Transformaciones Territoriales De Nariño Y Putumayo', signed on 30 June 2025, in Nariño and Putumayo, Colombia as part of Colombia VII - Petro Peace Dialogues with the Coordinadora Nacional Ejército Bolivariano (CNEB). Click on country for more information",COL,100.0,-78.25,1.75
local,Syria,"There was a local agreement: 'Road map to end the crisis in Suwayda and stabilize southern Syria', signed on 16 September 2025, in Suwayda, Syria as part of Syrian Local Agreements. Click on country for more information",SYR,652.0,36.569628,32.709814
